"","CameraName","ratings","Users"
"1","BLACKPOOL® 4K Waterproof Vlog Camera with Wide Angle Lens Underwater WiFi Video Action Camera","2.5 out of 5 stars","30"
"2","Fujifilm instax Wide 300 Instant Camera (Black)","4.2 out of 5 stars","839"
"3","TP-Link Tapo 360° 2MP 1080p Full HD Pan/Tilt Home Security Wi-Fi Smart Camera| Alexa Enabled| 2-Way Audio| Night Vision| Motion Detection| Sound and Light Alarm| Indoor CCTV (Tapo C200) White","4.3 out of 5 stars","101,347"
"4","MI Xiaomi Wireless Home Security Camera 2i | Full HD Picture | 360 View | 2MP | AI Powered Motion Detection | Enhanced Night Vision| Talk Back Feature (2 Way Calling), 1080p, White","4.1 out of 5 stars","7,111"
"5","TP-Link Tapo C210 360° 3MP Full HD 2304 X 1296P Video Pan/Tilt Smart Wi-Fi Security Camera | Alexa Enabled | 2-Way Audio| Night Vision| Motion Detection | Indoor CCTV White","4.3 out of 5 stars","17,615"
"6","CP PLUS 3MP Full HD Smart Wi-fi CCTV Home Security Camera | 360° View | 2 Way Talk | Cloud Monitor | Motion Detect | Night Vision | Supports SD Card, Alexa & Ok Google | 15 Mtr, White- CP-E31A","3.8 out of 5 stars","5,510"
"7","Fujifilm Instax Mini 11 Instant Camera (Lilac Purple) Happiness Box with 40 Shots","4.3 out of 5 stars","853"
"8","CATBAT Kids Camera for Girls Boys, 13MP 1080P HD Digital Video Camera and Photography for Age 3-10 Years Old Children, Christmas Birthday Festival Gift for Kids (Blue with 4GB SD Card)","3.1 out of 5 stars","41"
"9","CP PLUS 3 MP Full HD Smart Wi-fi CCTV Camera | 360° Pan & Tilt | View & Talk | Motion Alert | Night Vision | SD Card (Up to 128 GB) | Alexa & OK Google | 2-Way Talk | IR Distance 10Mtr | CP-E35A","3.8 out of 5 stars","2,428"
"10","CP PLUS 2MP Full HD Smart Wi-Fi CCTV Home Security Camera | 360° with Pan Tilt | View & Talk | Motion Alert | Night Vision | SD Card (Upto 128 GB), Alexa & Google Support | IR Distance 10mtr | CP-E25A","3.7 out of 5 stars","5,070"
"11","BLACKPOOL®5K Action Camera with Interchangeable 6 Lens Filters, EIS Stabilisation Antishake, 40M Waterproof, WiFi Support, HD Out, 170 Degree WDR, Dual Screen","5.0 out of 5 stars","1"
"12","CP PLUS 2MP Full HD Smart Wi-Fi CCTV Home Security Camera | 360° with Pan Tilt | View & Talk | Motion Alert | Night Vision | SD Card (Upto 128 GB), Alexa & Google Support | IR Distance 10mtr | CP-E25A","3.7 out of 5 stars","5,070"
"13","CATBAT Kids Camera for Girls Boys, 13MP 1080P HD Digital Video Camera and Photography for Age 3-10 Years Old Children, Christmas Birthday Festival Gift for Kids (Green)","3.1 out of 5 stars","41"
"14","Fujifilm Instax Mini 12 Instant Camera-Pink","4.2 out of 5 stars","800"
"15","TECHNOVIEW 1080P Mini Spy Camera with Low Light Vision, Vidio Audio Recording, for Home Indoor Outdoor Security (Red)","3.4 out of 5 stars","155"
"16","Canon EOS 1500D 24.1 Digital SLR Camera (Black) with EF S18-55 is II Lens","4.4 out of 5 stars","9,753"
"17","Digital Camera, 1080P Kids Digital Video Camera for Teens with 32GB Card 16X Zoom Anti Shake, Compact Portable Small Point and Shoot Cameras Christmas Birthday Gift for Children Kids Girl Boy(Black)","4.3 out of 5 stars","89"
"18","(Refurbished) CP Plus 1080P Full HD Smart WiFi Camera |360° with Pan & Tilt | View and Talk | Motion Alert | Night Vision |SD Card (Up to 128 GB) |Alexa and Google Support | IR Distance 10 MTR | CP-E25A","3.4 out of 5 stars","167"
"19","IZI New ONE+ 5K/30FPS 48MP Action Camera,EIS, 6-Axis Stabilization,110ft Waterproof, Vlog,170° FOV, WiFi, Dual Screen Video Camera, 2X1350mAh Battery, Fast C-Type Charge, HQ External Mic Included","3.5 out of 5 stars","321"
"20","IFITech IFIADPTCAM 1080p USB Charger Type Hidden Camera | Home security spy camera | Support Maximum 256 Gb Memory Cards | Continuous & Motion Based Recording Option | Ideal for home/office monitoring","3.3 out of 5 stars","5,333"
"21","MI Xiaomi Wireless Home Security Camera 2i | Full HD Picture | 360 View | 2MP | AI Powered Motion Detection | Enhanced Night Vision| Talk Back Feature (2 Way Calling), 1080p, White","4.1 out of 5 stars","7,111"
"22","insta360 GO 3 (64GB) - Small & Lightweight Action Camera, Portable and Versatile, Hands-Free POV, Mount Anywhere, Stabilization, Multifunctional Action Pod, Waterproof, for Travel, Sports, Vlog","4.3 out of 5 stars","528"
